<?xml version="1.0" encoding="UTF-8"?>
<!DOCTYPE suite SYSTEM "https://testng.org/testng-1.0.dtd">
<suite name="Suite">
  <test thread-count="5" name="Test">
    <classes>
        <class name="apiTest.UserTest">
      <methods>
      <include name="testGetUser"/>
       <include name="testPostUser"/>
       <include name="testGetUserByID"/>
       <include name="testUpdateUser"/>
       <include name="testDeleteUser"/>
      </methods>
      </class>
          <class name="apiTest.ActivitiesTest">
      <methods>
      <include name="testGetActivity"/>
       <include name="testPostActivity"/>
       <include name="testGetActivityByID"/>
       <include name="testUpdateActivity"/>
       <include name="testDeleteUser"/>
      </methods>
      </class>
    </classes>
  </test> <!-- Test -->
</suite> <!-- Suite -->
